id;lastName;firstName;gender;clientSince;companyName;email
1;Giraud;Bonnet;Female;2020-09-23;Sed Inc.;amet@posuere.net
2;Marty;Duval;Other;2012-07-23;Mauris Consulting;adipiscing.elit@odioapurus.edu
3;Petit;Caron;Other;2014-03-17;Porttitor Ltd;quam.quis.diam@euaugue.org
4;Breton;Guillot;Female;2019-07-09;Sodales Nisi Company;aliquet.Proin.velit@nec.net
5;Roche;Fabre;Other;2009-01-14;Libero Integer Institute;vehicula.Pellentesque@arcuAliquamultrices.edu
6;Moulin;Pasquier;Male;2013-05-28;Faucibus Ut Nulla Foundation;lorem.semper@sagittissemper.ca
7;Leclerc;Vasseur;Other;2020-01-06;Et Inc.;nibh.lacinia@Aliquam.ca
8;Gerard;Weber;Male;2015-08-16;Quam Limited;velit@id.net
9;Louis;Henry;Other;2018-04-04;A Nunc LLP;in@etnetuset.net
10;Sanchez;Robin;Other;2009-06-11;In Scelerisque Limited;augue.id.ante@rhoncusProinnisl.ca
11;Gay;Lefebvre;Female;2018-06-24;Sed Corp.;arcu@tellusimperdietnon.co.uk
12;Lambert;Girard;Other;2017-10-13;Vulputate Risus Corporation;quam.a@Nullamsuscipitest.co.uk
13;Gaillard;Roussel;Female;2015-07-18;Fringilla Donec Feugiat Company;a.malesuada.id@odioEtiam.co.uk
14;Pierre;Fabre;Male;2016-01-08;Lorem Ipsum Dolor PC;vel.mauris@mollisDuissit.ca
15;Roche;Lemoine;Female;2017-09-09;A Purus Institute;enim@loremac.org
16;Humbert;Leroux;Other;2016-02-23;Nunc Ullamcorper Eu Company;quis@quam.edu
17;Fournier;Leveque;Other;2020-05-22;Auctor Mauris Foundation;Sed.et.libero@estconguea.ca
18;Nguyen;Dumas;Male;2008-06-21;Ultricies Sem LLP;egestas.Aliquam@atlibero.com
19;Pierre;Lambert;Other;2010-08-07;Pede Nec Ante Consulting;magna.a@diamnuncullamcorper.co.uk
20;Gomez;Sanchez;Other;2019-03-25;Ante LLC;imperdiet@Sedpharetrafelis.edu
21;Thomas;Berger;Male;2018-05-16;Venenatis Lacus Etiam Industries;non.nisi@Nullam.net
22;Guillot;Guerin;Female;2020-01-18;Dapibus Ligula Industries;purus.sapien@loremsit.co.uk
23;Millet;Duval;Male;2016-04-02;Adipiscing Elit Etiam Ltd;sed@mollisnoncursus.edu
24;Chevallier;Pierre;Male;2012-08-12;Odio Phasellus At Consulting;imperdiet@malesuadavelconvallis.org
25;Boucher;Chevallier;Other;2010-01-15;Interdum Incorporated;sollicitudin@augue.edu
26;Paul;Marie;Female;2011-01-22;Justo Proin PC;ultricies.ornare@ridiculusmusProin.ca
27;Lemoine;Gonzalez;Female;2012-11-22;Praesent Eu Corp.;eu.eros@estmaurisrhoncus.com
28;Robert;Gillet;Other;2016-07-11;Elit Sed Ltd;sapien@hendrerit.co.uk
29;Vasseur;Hubert;Male;2013-10-26;Fusce Mi Lorem Ltd;malesuada.Integer@Maurismolestie.net
30;Perrot;Meunier;Male;2009-01-23;Lobortis Tellus Justo Ltd;egestas.urna@urnaet.net
31;Garcia;Barbier;Female;2013-10-17;Quis Consulting;Aliquam.tincidunt.nunc@Duissitamet.edu
32;Durand;Lucas;Male;2020-09-06;A Ultricies Institute;ante.Nunc.mauris@adipiscingelitCurabitur.com
33;Aubert;Huet;Female;2018-06-02;Hendrerit Corp.;ac.arcu.Nunc@semmolestiesodales.com
34;Boulanger;Huet;Male;2018-04-12;Nam Consequat Dolor Company;velit.in.aliquet@in.co.uk
35;Leroy;Jacquet;Male;2013-04-25;Magna Cras Convallis Consulting;tellus@estac.edu
36;Remy;Le gall;Male;2014-02-14;Nisl Elementum Purus Corporation;ac.metus@adipiscingenim.edu
37;Maillard;Mercier;Female;2016-09-11;Dolor Company;parturient.montes@ante.net
38;Dupont;Weber;Other;2011-10-31;Penatibus Et Magnis Limited;dictum.Phasellus@Inscelerisque.edu
39;Gautier;Barre;Male;2012-06-15;Donec Porttitor Tellus Ltd;et.nunc@musProin.edu
40;Laurent;Dupuis;Female;2011-05-10;Malesuada Ut Institute;massa.Vestibulum@scelerisquesedsapien.co.uk
41;Pasquier;Gerard;Female;2008-05-25;Dapibus Rutrum Justo Associates;Nullam@Fusce.net
42;Sanchez;Guillaume;Other;2016-03-02;Interdum Curabitur Institute;erat.volutpat.Nulla@Nullam.ca
43;Gaillard;Charpentier;Female;2019-02-03;Mauris Molestie Pharetra Foundation;scelerisque@magnisdis.co.uk
44;Laurent;Marty;Other;2018-02-15;Faucibus Industries;varius.et.euismod@nisi.com
45;Leveque;Bouvier;Female;2014-08-21;Montes Nascetur Ltd;ante@dignissimMaecenas.co.uk
46;Hubert;Petit;Other;2015-06-01;Suspendisse Institute;magna.a@non.ca
47;Perez;Thomas;Male;2016-06-25;Amet Lorem Foundation;ante.ipsum@ametanteVivamus.co.uk
48;Paul;Jacob;Male;2011-04-08;Commodo Ipsum Limited;justo.Proin@Pellentesqueultricies.edu
49;Pierre;Hubert;Female;2011-11-17;In Consequat Associates;commodo@malesuadavelvenenatis.co.uk
50;Charles;Dupont;Other;2014-09-01;Nunc Sollicitudin LLC;tempor.diam@Duissit.com
51;Carpentier;Meunier;Male;2011-08-04;Mi Limited;varius.ultrices@vitae.edu
52;Deschamps;Cordier;Other;2011-05-14;Tortor Nunc Company;at.pretium.aliquet@molestiearcuSed.net
53;Arnaud;Humbert;Other;2016-07-21;Et Consulting;non.lorem.vitae@utnisi.org
54;Simon;David;Male;2014-04-21;Libero Et Tristique Ltd;Proin@ac.ca
55;Bernard;Renaud;Male;2010-09-13;Sed Institute;tempor.bibendum@Sed.edu
56;Legrand;Masson;Female;2013-06-02;Dolor Nulla Corp.;in.lobortis.tellus@est.net
57;Roussel;Barre;Female;2012-03-11;Suspendisse LLC;fringilla@eu.co.uk
58;Guerin;Noel;Male;2013-03-12;Sodales Elit Erat Ltd;diam@acmattis.net
59;Carre;Richard;Other;2018-06-15;Vestibulum Massa Rutrum Industries;ut@Vivamus.co.uk
60;Perez;Schmitt;Female;2018-11-09;Tempus Risus Donec Ltd;habitant.morbi@utnisia.co.uk
61;Moreau;Schneider;Other;2010-08-03;Cras Eu Incorporated;In.ornare.sagittis@nibh.net
62;Marchand;Meyer;Male;2019-12-06;Vel Mauris Integer Corp.;dui.nec@Aeneaneget.edu
63;Lemoine;Brun;Male;2012-07-11;Neque Non Quam PC;ligula.Nullam@semutcursus.ca
64;Barre;Pereira;Female;2008-06-29;Semper Dui Lectus Consulting;Mauris.nulla.Integer@elementumsemvitae.edu
65;Bonnet;Bernard;Female;2017-02-15;Tempor Diam Dictum Institute;pretium@sodales.ca
66;Duval;Laurent;Female;2017-03-28;At PC;adipiscing@CurabiturdictumPhasellus.co.uk
67;Perrot;Chevallier;Male;2012-08-22;In LLP;adipiscing.fringilla@adipiscingfringillaporttitor.co.uk
68;Brunet;Fernandez;Other;2009-05-16;Mauris Inc.;sed.leo.Cras@risus.co.uk
69;Evrard;Dufour;Female;2014-08-12;Enim Suspendisse Aliquet Consulting;felis.orci.adipiscing@pede.org
70;Marty;Royer;Other;2011-09-21;Eget Consulting;iaculis@placerateget.edu
71;Perrin;Bouvier;Other;2011-08-27;Nec Tempus Limited;ut.dolor.dapibus@molestie.edu
72;Picard;Simon;Other;2018-10-22;Rutrum Eu Ultrices Incorporated;eget.magna@molestie.ca
73;Nguyen;Bonnet;Female;2009-06-12;Suspendisse Dui Fusce LLP;congue.a.aliquet@egetodio.net
74;Robin;Julien;Male;2012-01-04;Mollis Phasellus Libero Inc.;Cras.dolor.dolor@temporarcu.edu
75;Bertrand;Menard;Female;2020-01-17;Ligula Tortor Dictum Inc.;dapibus.id.blandit@tristiquealiquet.ca
76;Cordier;Colin;Female;2016-12-27;A Enim Suspendisse Consulting;faucibus@at.net
77;Marty;Laine;Female;2014-11-18;In Foundation;arcu.vel@Nam.ca
78;Cousin;Boyer;Female;2020-01-10;Erat Foundation;bibendum@urnaUttincidunt.co.uk
79;Vasseur;Berger;Male;2011-11-10;Auctor PC;non.sollicitudin@nonloremvitae.ca
80;Roche;Andre;Female;2019-06-23;Justo Praesent Consulting;vitae@tristiquepharetraQuisque.co.uk
81;Laurent;Boyer;Male;2017-08-16;Erat PC;nisl.Maecenas.malesuada@tinciduntdui.com
82;Poirier;Germain;Female;2013-11-27;Ut Associates;Maecenas@Loremipsum.com
83;Pereira;Masson;Male;2009-04-27;Mus LLC;lobortis.Class.aptent@tinciduntpede.ca
84;Vasseur;Mallet;Male;2012-07-20;Ligula Nullam Ltd;nascetur.ridiculus.mus@sedlibero.co.uk
85;Denis;Gerard;Other;2009-05-24;Lectus Convallis Incorporated;accumsan@nullaIntincidunt.ca
86;Lebrun;Boyer;Female;2013-02-10;Metus Foundation;ad.litora@Cumsociisnatoque.edu
87;Giraud;Huet;Male;2015-08-05;Justo Faucibus Lectus PC;tristique.aliquet@estcongue.com
88;Marty;Guyot;Male;2020-04-02;Eleifend Consulting;nunc@nonegestas.ca
89;Boulanger;Meyer;Female;2017-03-17;Diam At PC;fermentum.convallis@laciniaat.com
90;Guyot;Leroux;Other;2016-02-14;Tincidunt Adipiscing Mauris PC;Maecenas.mi.felis@ornaresagittis.com
91;Jacob;Brunet;Female;2012-05-08;Dui Foundation;fringilla.mi@commodo.com
92;Gautier;Breton;Male;2016-10-14;Amet Massa Consulting;magna.Lorem.ipsum@ornareIn.org
93;Legrand;Garnier;Male;2016-06-07;Imperdiet LLC;Fusce.mi@nisidictumaugue.co.uk
94;Barre;Gillet;Female;2015-02-13;Adipiscing Lobortis Limited;tempus.lorem.fringilla@Cumsociis.ca
95;Lebrun;Duval;Male;2010-06-14;Sem Nulla LLC;nunc@quam.net
96;Sanchez;Simon;Male;2009-01-29;Sed Company;eros.Proin@luctuset.com
97;Perrot;Gerard;Female;2009-07-16;Fermentum Metus Limited;id.nunc.interdum@egetvolutpatornare.net
98;Leroux;Poirier;Other;2016-09-10;Dis Parturient Corp.;et@libero.ca
99;Guillot;Pons;Other;2010-04-29;Non Justo LLP;quis@tellus.co.uk
100;Boulanger;Thomas;Other;2009-11-25;At Corp.;amet.consectetuer@odioauctorvitae.ca
